category_en,category_ro,subcategory_en,subcategory_ro,product_en,product_ro
Metal Ceiling Systems,Sisteme de tavane metalice,Baffle / Linear Ceiling,Tavan tip baffle / liniar,Baffle Ceiling,Tavan tip baffle
Metal Ceiling Systems,Sisteme de tavane metalice,Baffle / Linear Ceiling,Tavan tip baffle / liniar,Extruded Baffle Ceiling,Tavan tip baffle extrudat
Metal Ceiling Systems,Sisteme de tavane metalice,Baffle / Linear Ceiling,Tavan tip baffle / liniar,Vectoral Baffle Ceiling,Tavan tip baffle vectorial
Metal Ceiling Systems,Sisteme de tavane metalice,Baffle / Linear Ceiling,Tavan tip baffle / liniar,Wall Baffle,Baffle decorativ de perete
Metal Ceiling Systems,Sisteme de tavane metalice,Baffle / Linear Ceiling,Tavan tip baffle / liniar,Multipanel Ceiling,Tavan multipanel
Metal Ceiling Systems,Sisteme de tavane metalice,Baffle / Linear Ceiling,Tavan tip baffle / liniar,F Linear Ceiling,Tavan liniar tip F
Metal Ceiling Systems,Sisteme de tavane metalice,Open Cell Ceiling,Tavan tip grila deschisa,Self Carrying Open Cell Ceiling,Tavan open cell autoportant
Metal Ceiling Systems,Sisteme de tavane metalice,Open Cell Ceiling,Tavan tip grila deschisa,T15 Open Cell Ceiling,Tavan open cell T15
Metal Ceiling Systems,Sisteme de tavane metalice,Open Cell Ceiling,Tavan tip grila deschisa,Pyramid Open Cell Ceiling,Tavan open cell piramidal
Metal Ceiling Systems,Sisteme de tavane metalice,Open Cell Ceiling,Tavan tip grila deschisa,Lamina Open Cell Ceiling,Tavan open cell lamelar
Metal Ceiling Systems,Sisteme de tavane metalice,Expanded Mesh Ceiling,Tavan din plasa expandata,Lay In Mesh Ceiling,Tavan din plasa expandata lay-in
Metal Ceiling Systems,Sisteme de tavane metalice,Expanded Mesh Ceiling,Tavan din plasa expandata,Lay On Mesh Ceiling,Tavan din plasa expandata lay-on
Metal Ceiling Systems,Sisteme de tavane metalice,Expanded Mesh Ceiling,Tavan din plasa expandata,Hook On Mesh Ceiling,Tavan din plasa expandata hook-on
Metal Ceiling Systems,Sisteme de tavane metalice,Cassette Type Ceiling,Tavan tip casetat,Clip In Suspended Ceiling,Tavan suspendat clip-in
Metal Ceiling Systems,Sisteme de tavane metalice,Cassette Type Ceiling,Tavan tip casetat,Lay On Suspended Ceiling,Tavan suspendat lay-on
Metal Ceiling Systems,Sisteme de tavane metalice,Cassette Type Ceiling,Tavan tip casetat,Lay In Suspended Ceiling,Tavan suspendat lay-in
Metal Ceiling Systems,Sisteme de tavane metalice,Linear Plank Ceiling,Tavan tip lamele liniare,Hook On Suspended Ceiling,Tavan suspendat hook-on
Metal Ceiling Systems,Sisteme de tavane metalice,Linear Plank Ceiling,Tavan tip lamele liniare,Hook-on Corridor Ceiling,Tavan tip coridor hook-on
Wooden Ceiling and Wall,Sisteme din lemn pentru tavan si perete,,,Wooden Baffle,Baffle din lemn
Wooden Ceiling and Wall,Sisteme din lemn pentru tavan si perete,,,Acoustic Wood Ceiling,Tavan acustic din lemn
Wooden Ceiling and Wall,Sisteme din lemn pentru tavan si perete,,,Acoustic Wood Wall,Perete acustic din lemn
Fabric Covered Acoustic Panels,Panouri acustice placate cu material textil,,,Acoustic Glass Wool Baffle,Baffle acustic din vata minerala
Fabric Covered Acoustic Panels,Panouri acustice placate cu material textil,,,Acoustic Glass Wool Canopy,Panou acustic suspendat tip canopy
Fabric Covered Acoustic Panels,Panouri acustice placate cu material textil,,,Glass Wool Wall Panels,Panouri acustice din vata minerala pentru perete
Fabric Covered Acoustic Panels,Panouri acustice placate cu material textil,,,Glass Wool Ceiling Panels,Panouri acustice din vata minerala pentru tavan
Mineral Wool Panels,Panouri din vata minerala,Knauf AMF,Knauf AMF,AMF ECOMIN Trento,AMF ECOMIN Trento
Mineral Wool Panels,Panouri din vata minerala,Knauf AMF,Knauf AMF,AMF ECOMIN Orbit,AMF ECOMIN Orbit
Mineral Wool Panels,Panouri din vata minerala,Knauf AMF,Knauf AMF,AMF THERMATEX Mercure,AMF THERMATEX Mercure
Mineral Wool Panels,Panouri din vata minerala,Knauf AMF,Knauf AMF,AMF ECOMIN Planet,AMF ECOMIN Planet
Mineral Wool Panels,Panouri din vata minerala,Knauf AMF,Knauf AMF,AMF THERMATEX Feinstratos,AMF THERMATEX Feinstratos
Mineral Wool Panels,Panouri din vata minerala,Knauf AMF,Knauf AMF,AMF THERMATEX Feinstratos Micro,AMF THERMATEX Feinstratos Micro
Mineral Wool Panels,Panouri din vata minerala,Knauf AMF,Knauf AMF,AMF THERMATEX Feinfresko,AMF THERMATEX Feinfresko
Mineral Wool Panels,Panouri din vata minerala,Knauf AMF,Knauf AMF,Antaris C,Antaris C
Mineral Wool Panels,Panouri din vata minerala,Knauf AMF,Knauf AMF,AMF THERMATEX Thermofon,AMF THERMATEX Thermofon
Mineral Wool Panels,Panouri din vata minerala,Knauf AMF,Knauf AMF,AMF THERMATEX Alpha HD 19mm,AMF THERMATEX Alpha HD 19mm
Mineral Wool Panels,Panouri din vata minerala,Knauf AMF,Knauf AMF,AMF THERMATEX Alpha One,AMF THERMATEX Alpha One
Mineral Wool Panels,Panouri din vata minerala,Knauf AMF,Knauf AMF,AMF THERMATEX Alpha,AMF THERMATEX Alpha
Mineral Wool Panels,Panouri din vata minerala,Knauf AMF,Knauf AMF,AMF THERMATEX Colour,AMF THERMATEX Colour
Mineral Wool Panels,Panouri din vata minerala,Knauf AMF,Knauf AMF,ADAGIO Acoustic,ADAGIO Acoustic
Mineral Wool Panels,Panouri din vata minerala,Knauf AMF,Knauf AMF,ADAGIO Alpha,ADAGIO Alpha
Mineral Wool Panels,Panouri din vata minerala,Knauf AMF,Knauf AMF,ADAGIO dB,ADAGIO dB
Mineral Wool Panels,Panouri din vata minerala,Knauf AMF,Knauf AMF,ADAGIO HD 19mm,ADAGIO HD 19mm
Mineral Wool Panels,Panouri din vata minerala,Knauf AMF,Knauf AMF,ADAGIO HD 30mm,ADAGIO HD 30mm
Mineral Wool Panels,Panouri din vata minerala,Knauf AMF,Knauf AMF,ADAGIO HD 35mm,ADAGIO HD 35mm
Mineral Wool Panels,Panouri din vata minerala,Knauf AMF,Knauf AMF,HYGENA Alpha,HYGENA Alpha
Mineral Wool Panels,Panouri din vata minerala,Knauf AMF,Knauf AMF,HYGENA Aquatec,HYGENA Aquatec
Mineral Wool Panels,Panouri din vata minerala,Knauf AMF,Knauf AMF,HYGENA Plain,HYGENA Plain
Mineral Wool Panels,Panouri din vata minerala,Knauf AMF,Knauf AMF,HYGENA Schlicht,HYGENA Schlicht
Mineral Wool Panels,Panouri din vata minerala,Knauf AMF,Knauf AMF,AMF TOPIQ Efficient Pro,AMF TOPIQ Efficient Pro
Mineral Wool Panels,Panouri din vata minerala,Knauf AMF,Knauf AMF,AMF TOPIQ Prime,AMF TOPIQ Prime
Mineral Wool Panels,Panouri din vata minerala,Ecophon,Ecophon,Opta A,Opta A
Mineral Wool Panels,Panouri din vata minerala,Ecophon,Ecophon,Opta E,Opta E
Mineral Wool Panels,Panouri din vata minerala,Ecophon,Ecophon,Focus A,Focus A
Mineral Wool Panels,Panouri din vata minerala,Ecophon,Ecophon,Focus DG,Focus DG
Mineral Wool Panels,Panouri din vata minerala,Ecophon,Ecophon,Focus DS,Focus DS
Mineral Wool Panels,Panouri din vata minerala,Ecophon,Ecophon,Focus E,Focus E
Mineral Wool Panels,Panouri din vata minerala,Ecophon,Ecophon,Focus LP,Focus LP
Mineral Wool Panels,Panouri din vata minerala,Ecophon,Ecophon,Hygiene Clinic A,Hygiene Clinic A
Mineral Wool Panels,Panouri din vata minerala,Ecophon,Ecophon,Hygiene Clinic E,Hygiene Clinic E
Mineral Wool Panels,Panouri din vata minerala,Ecophon,Ecophon,Hygiene Performance A,Hygiene Performance A
Mineral Wool Panels,Panouri din vata minerala,Ecophon,Ecophon,Hygiene Performance B,Hygiene Performance B
Mineral Wool Panels,Panouri din vata minerala,Ecophon,Ecophon,Hygiene Performance Baffle,Hygiene Performance Baffle
Mineral Wool Panels,Panouri din vata minerala,Ecophon,Ecophon,Hygiene Performance Care Wall,Hygiene Performance Care Wall
Mineral Wool Panels,Panouri din vata minerala,Ecophon,Ecophon,Hygiene Performance Ds,Hygiene Performance Ds
Mineral Wool Panels,Panouri din vata minerala,Ecophon,Ecophon,Hygiene Performance Plus A,Hygiene Performance Plus A
Mineral Wool Panels,Panouri din vata minerala,Ecophon,Ecophon,Hygiene Performance Wall,Hygiene Performance Wall
Mineral Wool Panels,Panouri din vata minerala,Ecophon,Ecophon,Advantage A,Advantage A
Mineral Wool Panels,Panouri din vata minerala,Ecophon,Ecophon,Advantage E,Advantage E
Mineral Wool Panels,Panouri din vata minerala,Ecophon,Ecophon,Sombra A,Sombra A
Mineral Wool Panels,Panouri din vata minerala,Eurocoustic,Eurocoustic,Minerval A12,Minerval A12
Mineral Wool Panels,Panouri din vata minerala,Eurocoustic,Eurocoustic,Minerval A15,Minerval A15
Mineral Wool Panels,Panouri din vata minerala,Eurocoustic,Eurocoustic,Tonga A22,Tonga A22
Mineral Wool Panels,Panouri din vata minerala,Eurocoustic,Eurocoustic,Tonga Therm A,Tonga Therm A
Mineral Wool Panels,Panouri din vata minerala,Eurocoustic,Eurocoustic,Tonga DB 41 A,Tonga DB 41 A
Mineral Wool Panels,Panouri din vata minerala,Eurocoustic,Eurocoustic,Tonga DB 43 A,Tonga DB 43 A
Wood Wool Panels,Panouri din lana de lemn,Knauf Heradesign,Knauf Heradesign,HERADESIGN® Fine,HERADESIGN® Fine
Wood Wool Panels,Panouri din lana de lemn,Knauf Heradesign,Knauf Heradesign,HERADESIGN® Fine Alpha+,HERADESIGN® Fine Alpha+
Wood Wool Panels,Panouri din lana de lemn,Knauf Heradesign,Knauf Heradesign,HERADESIGN® Fine A2 Alpha+,HERADESIGN® Fine A2 Alpha+
Wood Wool Panels,Panouri din lana de lemn,Knauf Heradesign,Knauf Heradesign,HERADESIGN® Superfine Alpha,HERADESIGN® Superfine Alpha
Wood Wool Panels,Panouri din lana de lemn,Knauf Heradesign,Knauf Heradesign,HERADESIGN® Superfine A2 Alpha,HERADESIGN® Superfine A2 Alpha
Wood Wool Panels,Panouri din lana de lemn,Knauf Heradesign,Knauf Heradesign,HERADESIGN® Macro,HERADESIGN® Macro
Wood Wool Panels,Panouri din lana de lemn,Knauf Heradesign,Knauf Heradesign,HERADESIGN® Baffle Element Arc Superfine,HERADESIGN® Baffle Element Arc Superfine
Wood Wool Panels,Panouri din lana de lemn,Knauf Heradesign,Knauf Heradesign,HERADESIGN® Baffle Element Fine,HERADESIGN® Baffle Element Fine
Wood Wool Panels,Panouri din lana de lemn,Knauf Heradesign,Knauf Heradesign,HERADESIGN® Baffle Element Profile Fine,HERADESIGN® Baffle Element Profile Fine
Wood Wool Panels,Panouri din lana de lemn,Knauf Heradesign,Knauf Heradesign,HERADESIGN® Baffle Element Line Fine,HERADESIGN® Baffle Element Line Fine
Wood Wool Panels,Panouri din lana de lemn,Knauf Heradesign,Knauf Heradesign,HERADESIGN® Sky Element,HERADESIGN® Sky Element
Wood Wool Panels,Panouri din lana de lemn,Knauf Heradesign,Knauf Heradesign,HERADESIGN® Sonic Element,HERADESIGN® Sonic Element
Wood Wool Panels,Panouri din lana de lemn,Ecophon Saga,Ecophon Saga,Saga A,Saga A
Wood Wool Panels,Panouri din lana de lemn,Ecophon Saga,Ecophon Saga,Saga B,Saga B
Carrier Systems,Sisteme de sustinere,,,T24 Carrier System,Sistem de sustinere T24
Carrier Systems,Sisteme de sustinere,,,T15 Carrier System,Sistem de sustinere T15
Carrier Systems,Sisteme de sustinere,,,T15 Channel Carrier System,Sistem de sustinere T15 cu canal
Vinyl Coated Gypsum Panel,Panouri din gips-carton placate cu vinil,,,Vinyl Coated Gypsum Panel,Panou din gips-carton placat cu vinil
Vinyl Coated Gypsum Panel,Panouri din gips-carton placate cu vinil,,,Vinyl Acoustic Panel,Panou acustic din gips-carton placat cu vinil
Gypsum Panel Profiles,Profile pentru panouri din gips-carton,,,Gypsum Panel Profiles,Profile pentru panouri din gips-carton
